id,description,tags
999999,"label: my own; movies: Dirty Dancing (1987) (5; tags: none), Mamma Mia! (2008) (5; tags: none), Silence of the Lambs, The (1991) (5; tags: none), Fargo (1996) (5; tags: none), Finding Nemo (2003) (4; tags: none), Good, the Bad and the Ugly, The (Buono, il brutto, il cattivo, Il) (1966) (4; tags: none), Pirates of the Caribbean: The Curse of the Black Pearl (2003) (5; tags: none), Green Book (2018) (5; tags: none), Scarface (1983) (5; tags: none), Lost in Translation (2003) (4; tags: none), Star Wars: Episode I - The Phantom Menace (1999) (5; tags: none), Star Wars: Episode II - Attack of the Clones (2002) (5; tags: none), Star Wars: Episode III - Revenge of the Sith (2005) (5; tags: none), Star Wars: Episode IV - A New Hope (1977) (5; tags: none), Star Wars: Episode V - The Empire Strikes Back (1980) (5; tags: none), Star Wars: Episode VI - Return of the Jedi (1983) (5; tags: none), Star Wars: Episode VII - The Force Awakens (2015) (5; tags: none), Star Wars: The Last Jedi (2017) (5; tags: none), Star Wars: The Rise of Skywalker (2019) (5; tags: none), Princess Bride, The (1987) (5; tags: none)",action|adventure|aliens|bad science|boring|character development|children|classic|complicated|cult film|death|deep|dialogue|dvd|evil man|famous score|fantasy|father-son relationship|franchise|friendship|funny|good acting|great soundtrack|hand to hand combat|hero|imdb top 250|intelligent|lightning|long|loss of loved one|music|not funny|oscar (best picture)|overrated|party|politics|romance|seen more than once|sequel|shootout|slow|soundtrack|star wars|storytelling|the avengers|violence
22365,"label: similar; movies: Star Wars: Episode I - The Phantom Menace (1999) (5; tags: none), Star Wars: Episode II - Attack of the Clones (2002) (5; tags: none), Star Wars: Episode III - Revenge of the Sith (2005) (5; tags: none), Star Wars: Episode IV - A New Hope (1977) (5; tags: none), Star Wars: Episode V - The Empire Strikes Back (1980) (5; tags: none), Star Wars: Episode VI - Return of the Jedi (1983) (5; tags: none)",action|adventure|aliens|bad science|boring|character development|children|classic|complicated|cult film|death|deep|dialogue|dvd|evil man|famous score|fantasy|father-son relationship|franchise|friendship|funny|good acting|great soundtrack|hand to hand combat|hero|imdb top 250|intelligent|lightning|long|loss of loved one|music|not funny|oscar (best picture)|overrated|party|politics|romance|seen more than once|sequel|shootout|slow|soundtrack|star wars|storytelling|the avengers|violence
161430,"label: similar; movies: Star Wars: Episode I - The Phantom Menace (1999) (4; tags: none), Star Wars: Episode II - Attack of the Clones (2002) (4.5; tags: none), Star Wars: Episode III - Revenge of the Sith (2005) (5; tags: great soundtrack, johnny depp, star wars), Star Wars: Episode IV - A New Hope (1977) (5; tags: none), Star Wars: Episode V - The Empire Strikes Back (1980) (5; tags: none), Star Wars: Episode VI - Return of the Jedi (1983) (5; tags: none), Star Wars: Episode VII - The Force Awakens (2015) (2; tags: none), Star Wars: The Last Jedi (2017) (0.5; tags: none), Star Wars: The Rise of Skywalker (2019) (2; tags: none)",action|adventure|aliens|bad science|boring|character development|children|classic|complicated|cult film|death|deep|dialogue|dvd|evil man|famous score|fantasy|father-son relationship|franchise|friendship|funny|good acting|great soundtrack|hand to hand combat|hero|imdb top 250|intelligent|lightning|long|loss of loved one|music|not funny|oscar (best picture)|overrated|party|politics|romance|seen more than once|sequel|shootout|slow|soundtrack|star wars|storytelling|the avengers|violence
39945,"label: similar; movies: Star Wars: Episode I - The Phantom Menace (1999) (3.5; tags: none), Star Wars: Episode II - Attack of the Clones (2002) (2.5; tags: none), Star Wars: Episode III - Revenge of the Sith (2005) (4.5; tags: none), Star Wars: Episode IV - A New Hope (1977) (4.5; tags: none), Star Wars: Episode V - The Empire Strikes Back (1980) (4; tags: none), Star Wars: Episode VI - Return of the Jedi (1983) (4.5; tags: none), Star Wars: Episode VII - The Force Awakens (2015) (4.5; tags: none), Star Wars: The Last Jedi (2017) (5; tags: none)",action|adventure|aliens|bad science|boring|character development|children|classic|complicated|cult film|death|deep|dialogue|dvd|evil man|famous score|fantasy|father-son relationship|franchise|friendship|funny|good acting|great soundtrack|hand to hand combat|hero|imdb top 250|intelligent|lightning|long|loss of loved one|music|not funny|oscar (best picture)|overrated|party|politics|romance|seen more than once|sequel|shootout|slow|soundtrack|star wars|storytelling|the avengers|violence
21913,"label: similar; movies: Star Wars: Episode I - The Phantom Menace (1999) (4.5; tags: gary oldman, johnny depp, pseudo-intelligent, ray liotta), Star Wars: Episode II - Attack of the Clones (2002) (4; tags: brett northcutt, johnny depp, keiji yamaguchi, marching band, myles murphy, pseudo-intelligent, scotland, todd solondz), Star Wars: Episode III - Revenge of the Sith (2005) (5; tags: brett northcutt, johnny depp, ken watanabe, marching band, pseudo-intelligent, tim burton), Star Wars: Episode IV - A New Hope (1977) (4; tags: pseudo-intelligent), Star Wars: Episode V - The Empire Strikes Back (1980) (5; tags: craig t. nelson, johnny depp, pseudo-intelligent), Star Wars: Episode VI - Return of the Jedi (1983) (4.5; tags: craig t. nelson, pseudo-intelligent), Star Wars: Episode VII - The Force Awakens (2015) (4; tags: 2015, adam sandler, andy samberg, anthony hopkins, bad science, bb-8, brett northcutt, brian de palma, bryan cranston, cailey fleming, carrie fisher, daisy ridley, darren aronofsky, domhnall gleeson, gary oldman, gwendoline christie, harrison ford, industrial progress, j.j. abrams, jason statham, johnny depp, katherine heigl, lawrence kasdan, lin-manuel miranda, lucas, lupita nyong'o, mark wahlberg, mary elizabeth winstead, max von sydow, michael caine, oscar (best picture), peter jackson, rick moranis, simon pegg, star wars, tommy lee jones, walton goggins, yayan ruhian)",action|adventure|aliens|bad science|boring|character development|children|classic|complicated|cult film|death|deep|dialogue|dvd|evil man|famous score|fantasy|father-son relationship|franchise|friendship|funny|good acting|great soundtrack|hand to hand combat|hero|imdb top 250|intelligent|lightning|long|loss of loved one|music|not funny|oscar (best picture)|overrated|party|politics|romance|seen more than once|sequel|shootout|slow|soundtrack|star wars|storytelling|the avengers|violence
157260,"label: similar; movies: Star Wars: Episode I - The Phantom Menace (1999) (3; tags: none), Star Wars: Episode II - Attack of the Clones (2002) (3; tags: none), Star Wars: Episode III - Revenge of the Sith (2005) (3; tags: none), Star Wars: Episode IV - A New Hope (1977) (4; tags: none), Star Wars: Episode V - The Empire Strikes Back (1980) (4; tags: none), Star Wars: Episode VI - Return of the Jedi (1983) (4; tags: none)",action|adventure|aliens|bad science|boring|character development|children|classic|complicated|cult film|death|deep|dialogue|dvd|evil man|famous score|fantasy|father-son relationship|franchise|friendship|funny|good acting|great soundtrack|hand to hand combat|hero|imdb top 250|intelligent|lightning|long|loss of loved one|music|not funny|oscar (best picture)|overrated|party|politics|romance|seen more than once|sequel|shootout|slow|soundtrack|star wars|storytelling|the avengers|violence
110440,"label: similar; movies: Silence of the Lambs, The (1991) (4; tags: none), Star Wars: Episode I - The Phantom Menace (1999) (3.5; tags: none), Star Wars: Episode II - Attack of the Clones (2002) (3.5; tags: none), Star Wars: Episode III - Revenge of the Sith (2005) (4.5; tags: none), Star Wars: Episode IV - A New Hope (1977) (5; tags: favorite, inspirational), Star Wars: Episode V - The Empire Strikes Back (1980) (5; tags: none), Star Wars: Episode VI - Return of the Jedi (1983) (5; tags: none)",action|adventure|aliens|bad science|boring|character development|children|classic|complicated|cult film|death|deep|dialogue|dvd|evil man|famous score|fantasy|father-son relationship|franchise|friendship|funny|good acting|great soundtrack|hand to hand combat|hero|imdb top 250|intelligent|lightning|long|loss of loved one|music|not funny|oscar (best picture)|overrated|party|politics|romance|seen more than once|sequel|shootout|slow|soundtrack|star wars|storytelling|the avengers|violence
153173,"label: similar; movies: Silence of the Lambs, The (1991) (4; tags: none), Finding Nemo (2003) (4.5; tags: none), Pirates of the Caribbean: The Curse of the Black Pearl (2003) (5; tags: none), Star Wars: Episode I - The Phantom Menace (1999) (4.5; tags: none), Star Wars: Episode III - Revenge of the Sith (2005) (4.5; tags: none), Star Wars: Episode IV - A New Hope (1977) (4.5; tags: none), Star Wars: Episode V - The Empire Strikes Back (1980) (4.5; tags: none), Star Wars: Episode VI - Return of the Jedi (1983) (4.5; tags: none)",action|adventure|aliens|bad science|boring|character development|children|classic|complicated|cult film|death|deep|dialogue|dvd|evil man|famous score|fantasy|father-son relationship|franchise|friendship|funny|good acting|great soundtrack|hand to hand combat|hero|imdb top 250|intelligent|lightning|long|loss of loved one|music|not funny|oscar (best picture)|overrated|party|politics|romance|seen more than once|sequel|shootout|slow|soundtrack|star wars|storytelling|the avengers|violence
155447,"label: similar; movies: Silence of the Lambs, The (1991) (3.5; tags: none), Fargo (1996) (4; tags: none), Star Wars: Episode I - The Phantom Menace (1999) (4; tags: none), Star Wars: Episode III - Revenge of the Sith (2005) (4; tags: none), Star Wars: Episode V - The Empire Strikes Back (1980) (4; tags: none), Star Wars: Episode VI - Return of the Jedi (1983) (4; tags: none)",action|adventure|aliens|bad science|boring|character development|children|classic|complicated|cult film|death|deep|dialogue|dvd|evil man|famous score|fantasy|father-son relationship|franchise|friendship|funny|good acting|great soundtrack|hand to hand combat|hero|imdb top 250|intelligent|lightning|long|loss of loved one|music|not funny|oscar (best picture)|overrated|party|politics|romance|seen more than once|sequel|shootout|slow|soundtrack|star wars|storytelling|the avengers|violence
93530,"label: similar; movies: Finding Nemo (2003) (5; tags: none), Pirates of the Caribbean: The Curse of the Black Pearl (2003) (5; tags: none), Star Wars: Episode II - Attack of the Clones (2002) (5; tags: none), Star Wars: Episode III - Revenge of the Sith (2005) (5; tags: none), Star Wars: Episode IV - A New Hope (1977) (5; tags: none), Star Wars: Episode V - The Empire Strikes Back (1980) (5; tags: aliens, fantasy, star wars), Star Wars: Episode VI - Return of the Jedi (1983) (5; tags: none), Star Wars: Episode VII - The Force Awakens (2015) (5; tags: none)",action|adventure|aliens|bad science|boring|character development|children|classic|complicated|cult film|death|deep|dialogue|dvd|evil man|famous score|fantasy|father-son relationship|franchise|friendship|funny|good acting|great soundtrack|hand to hand combat|hero|imdb top 250|intelligent|lightning|long|loss of loved one|music|not funny|oscar (best picture)|overrated|party|politics|romance|seen more than once|sequel|shootout|slow|soundtrack|star wars|storytelling|the avengers|violence
61484,"label: similar; movies: Silence of the Lambs, The (1991) (4.5; tags: cannibalism, disturbing, suspense), Finding Nemo (2003) (5; tags: none), Star Wars: Episode I - The Phantom Menace (1999) (4.5; tags: none), Star Wars: Episode II - Attack of the Clones (2002) (4.5; tags: none), Star Wars: Episode III - Revenge of the Sith (2005) (4.5; tags: none), Star Wars: Episode IV - A New Hope (1977) (5; tags: none), Star Wars: Episode V - The Empire Strikes Back (1980) (5; tags: none), Star Wars: Episode VI - Return of the Jedi (1983) (5; tags: none), Star Wars: Episode VII - The Force Awakens (2015) (4.5; tags: none)",action|adventure|aliens|bad science|boring|character development|children|classic|complicated|cult film|death|deep|dialogue|dvd|evil man|famous score|fantasy|father-son relationship|franchise|friendship|funny|good acting|great soundtrack|hand to hand combat|hero|imdb top 250|intelligent|lightning|long|loss of loved one|music|not funny|oscar (best picture)|overrated|party|politics|romance|seen more than once|sequel|shootout|slow|soundtrack|star wars|storytelling|the avengers|violence
96102,"label: similar; movies: Pirates of the Caribbean: The Curse of the Black Pearl (2003) (5; tags: none), Star Wars: Episode I - The Phantom Menace (1999) (5; tags: none), Star Wars: Episode II - Attack of the Clones (2002) (5; tags: none), Star Wars: Episode III - Revenge of the Sith (2005) (4.5; tags: none), Star Wars: Episode IV - A New Hope (1977) (4.5; tags: sci-fi, space), Star Wars: Episode V - The Empire Strikes Back (1980) (5; tags: none), Star Wars: Episode VI - Return of the Jedi (1983) (4.5; tags: none)",action|adventure|aliens|bad science|boring|character development|children|classic|complicated|cult film|death|deep|dialogue|dvd|evil man|famous score|fantasy|father-son relationship|franchise|friendship|funny|good acting|great soundtrack|hand to hand combat|hero|imdb top 250|intelligent|lightning|long|loss of loved one|music|not funny|oscar (best picture)|overrated|party|politics|romance|seen more than once|sequel|shootout|slow|soundtrack|star wars|storytelling|the avengers|violence
13158,"label: similar; movies: Star Wars: Episode I - The Phantom Menace (1999) (5; tags: none), Star Wars: Episode II - Attack of the Clones (2002) (5; tags: none), Star Wars: Episode III - Revenge of the Sith (2005) (5; tags: none), Star Wars: Episode IV - A New Hope (1977) (5; tags: alec baldwin, anthony hopkins, carrie fisher, david fincher, denis villeneuve, george clooney, harrison ford, james bond, johnny depp, kenneth branagh, mark wahlberg, peter jackson, star wars), Star Wars: Episode V - The Empire Strikes Back (1980) (5; tags: alec baldwin, anthony hopkins, bill murray, carrie fisher, david fincher, denis villeneuve, franchise, harrison ford, irvine welsh, james bond, jeremy renner, johnny depp, kenneth branagh, mark wahlberg, peter jackson, sequel, star wars), Star Wars: Episode VI - Return of the Jedi (1983) (5; tags: none)",action|adventure|aliens|bad science|boring|character development|children|classic|complicated|cult film|death|deep|dialogue|dvd|evil man|famous score|fantasy|father-son relationship|franchise|friendship|funny|good acting|great soundtrack|hand to hand combat|hero|imdb top 250|intelligent|lightning|long|loss of loved one|music|not funny|oscar (best picture)|overrated|party|politics|romance|seen more than once|sequel|shootout|slow|soundtrack|star wars|storytelling|the avengers|violence
115989,"label: similar; movies: Silence of the Lambs, The (1991) (5; tags: none), Finding Nemo (2003) (4; tags: none), Pirates of the Caribbean: The Curse of the Black Pearl (2003) (2; tags: none), Star Wars: Episode IV - A New Hope (1977) (5; tags: classic, sci-fi), Star Wars: Episode V - The Empire Strikes Back (1980) (5; tags: none), Star Wars: Episode VI - Return of the Jedi (1983) (5; tags: none), Princess Bride, The (1987) (4.5; tags: none)",action|adventure|aliens|bad science|boring|character development|children|classic|complicated|cult film|death|deep|dialogue|dvd|evil man|famous score|fantasy|father-son relationship|franchise|friendship|funny|good acting|great soundtrack|hand to hand combat|hero|imdb top 250|intelligent|lightning|long|loss of loved one|music|not funny|oscar (best picture)|overrated|party|politics|romance|seen more than once|sequel|shootout|slow|soundtrack|star wars|storytelling|the avengers|violence
85072,"label: similar; movies: Pirates of the Caribbean: The Curse of the Black Pearl (2003) (3.5; tags: none), Star Wars: Episode I - The Phantom Menace (1999) (3; tags: none), Star Wars: Episode II - Attack of the Clones (2002) (3; tags: none), Star Wars: Episode III - Revenge of the Sith (2005) (4.5; tags: none), Star Wars: Episode IV - A New Hope (1977) (5; tags: none), Star Wars: Episode V - The Empire Strikes Back (1980) (5; tags: none), Star Wars: Episode VI - Return of the Jedi (1983) (4.5; tags: none), Star Wars: Episode VII - The Force Awakens (2015) (4.5; tags: none), Star Wars: The Last Jedi (2017) (5; tags: none)",action|adventure|aliens|bad science|boring|character development|children|classic|complicated|cult film|death|deep|dialogue|dvd|evil man|famous score|fantasy|father-son relationship|franchise|friendship|funny|good acting|great soundtrack|hand to hand combat|hero|imdb top 250|intelligent|lightning|long|loss of loved one|music|not funny|oscar (best picture)|overrated|party|politics|romance|seen more than once|sequel|shootout|slow|soundtrack|star wars|storytelling|the avengers|violence
88401,"label: similar; movies: Finding Nemo (2003) (4; tags: none), Pirates of the Caribbean: The Curse of the Black Pearl (2003) (4; tags: none), Star Wars: Episode IV - A New Hope (1977) (3; tags: sci-fi, star wars), Star Wars: Episode V - The Empire Strikes Back (1980) (3; tags: none), Star Wars: Episode VI - Return of the Jedi (1983) (3; tags: none), Princess Bride, The (1987) (4.5; tags: none)",action|adventure|aliens|bad science|boring|character development|children|classic|complicated|cult film|death|deep|dialogue|dvd|evil man|famous score|fantasy|father-son relationship|franchise|friendship|funny|good acting|great soundtrack|hand to hand combat|hero|imdb top 250|intelligent|lightning|long|loss of loved one|music|not funny|oscar (best picture)|overrated|party|politics|romance|seen more than once|sequel|shootout|slow|soundtrack|star wars|storytelling|the avengers|violence
65381,"label: similar; movies: Finding Nemo (2003) (3.5; tags: none), Pirates of the Caribbean: The Curse of the Black Pearl (2003) (4; tags: none), Star Wars: Episode I - The Phantom Menace (1999) (5; tags: cgi, children, ewan mcgregor, franchise, george clooney, jar jar binks, kid flick, liam neeson, music, original, sci-fi, space, star wars), Star Wars: Episode II - Attack of the Clones (2002) (5; tags: ewan mcgregor, george clooney, hayden christensen, romance, samuel l. jackson, sci-fi, space, star wars), Star Wars: Episode III - Revenge of the Sith (2005) (5; tags: none), Star Wars: Episode IV - A New Hope (1977) (4.5; tags: none), Star Wars: Episode V - The Empire Strikes Back (1980) (5; tags: adventure, bast background universe, carrie fisher, fantasy, great soundtrack, harrison ford, jedi, johnny depp, modern fantasy, music, original, sci-fi, space, star wars), Star Wars: Episode VI - Return of the Jedi (1983) (5; tags: none), Star Wars: Episode VII - The Force Awakens (2015) (1; tags: absurd, action, children, explosion, father-son relationship, feminism, j.j. abrams, mark wahlberg, plot twist, recycled plot, unoriginal), Star Wars: The Last Jedi (2017) (4.5; tags: benicio del toro, daisy ridley, feminism, gorgeous animation, plot twist, social commentary, space, star wars, strong female lead)",action|adventure|aliens|bad science|boring|character development|children|classic|complicated|cult film|death|deep|dialogue|dvd|evil man|famous score|fantasy|father-son relationship|franchise|friendship|funny|good acting|great soundtrack|hand to hand combat|hero|imdb top 250|intelligent|lightning|long|loss of loved one|music|not funny|oscar (best picture)|overrated|party|politics|romance|seen more than once|sequel|shootout|slow|soundtrack|star wars|storytelling|the avengers|violence
157078,"label: similar; movies: Silence of the Lambs, The (1991) (4.5; tags: none), Pirates of the Caribbean: The Curse of the Black Pearl (2003) (4; tags: none), Green Book (2018) (4; tags: none), Lost in Translation (2003) (3.5; tags: none), Star Wars: Episode I - The Phantom Menace (1999) (4.5; tags: none), Star Wars: Episode II - Attack of the Clones (2002) (4.5; tags: none), Star Wars: Episode III - Revenge of the Sith (2005) (5; tags: none), Star Wars: Episode IV - A New Hope (1977) (3.5; tags: none), Star Wars: Episode V - The Empire Strikes Back (1980) (5; tags: none), Star Wars: Episode VI - Return of the Jedi (1983) (4.5; tags: none), Star Wars: Episode VII - The Force Awakens (2015) (2; tags: feminism, johnny depp, plot twist, unoriginal)",action|adventure|aliens|bad science|boring|character development|children|classic|complicated|cult film|death|deep|dialogue|dvd|evil man|famous score|fantasy|father-son relationship|franchise|friendship|funny|good acting|great soundtrack|hand to hand combat|hero|imdb top 250|intelligent|lightning|long|loss of loved one|music|not funny|oscar (best picture)|overrated|party|politics|romance|seen more than once|sequel|shootout|slow|soundtrack|star wars|storytelling|the avengers|violence
31656,"label: similar; movies: Fargo (1996) (2.5; tags: none), Pirates of the Caribbean: The Curse of the Black Pearl (2003) (0.5; tags: boring, mackenzie foy, pirates), Star Wars: Episode I - The Phantom Menace (1999) (1; tags: none), Star Wars: Episode II - Attack of the Clones (2002) (4; tags: none), Star Wars: Episode III - Revenge of the Sith (2005) (5; tags: none), Star Wars: Episode IV - A New Hope (1977) (4; tags: none), Star Wars: Episode V - The Empire Strikes Back (1980) (4; tags: none), Star Wars: Episode VI - Return of the Jedi (1983) (5; tags: none), Star Wars: Episode VII - The Force Awakens (2015) (3; tags: none), Star Wars: The Last Jedi (2017) (4; tags: none), Princess Bride, The (1987) (2.5; tags: none)",action|adventure|aliens|bad science|boring|character development|children|classic|complicated|cult film|death|deep|dialogue|dvd|evil man|famous score|fantasy|father-son relationship|franchise|friendship|funny|good acting|great soundtrack|hand to hand combat|hero|imdb top 250|intelligent|lightning|long|loss of loved one|music|not funny|oscar (best picture)|overrated|party|politics|romance|seen more than once|sequel|shootout|slow|soundtrack|star wars|storytelling|the avengers|violence
108710,"label: similar; movies: Good, the Bad and the Ugly, The (Buono, il brutto, il cattivo, Il) (1966) (4.5; tags: none), Star Wars: Episode I - The Phantom Menace (1999) (3.5; tags: adventure, epic, sci-fi, space, star wars, visually appealing), Star Wars: Episode II - Attack of the Clones (2002) (3.5; tags: none), Star Wars: Episode III - Revenge of the Sith (2005) (4; tags: none), Star Wars: Episode IV - A New Hope (1977) (4; tags: none), Star Wars: Episode V - The Empire Strikes Back (1980) (5; tags: none), Star Wars: Episode VI - Return of the Jedi (1983) (5; tags: none), Star Wars: Episode VII - The Force Awakens (2015) (4.5; tags: none), Star Wars: The Last Jedi (2017) (3.5; tags: none), Star Wars: The Rise of Skywalker (2019) (4; tags: none)",action|adventure|aliens|bad science|boring|character development|children|classic|complicated|cult film|death|deep|dialogue|dvd|evil man|famous score|fantasy|father-son relationship|franchise|friendship|funny|good acting|great soundtrack|hand to hand combat|hero|imdb top 250|intelligent|lightning|long|loss of loved one|music|not funny|oscar (best picture)|overrated|party|politics|romance|seen more than once|sequel|shootout|slow|soundtrack|star wars|storytelling|the avengers|violence
134624,"label: similar; movies: Silence of the Lambs, The (1991) (5; tags: none), Good, the Bad and the Ugly, The (Buono, il brutto, il cattivo, Il) (1966) (5; tags: none), Pirates of the Caribbean: The Curse of the Black Pearl (2003) (4.5; tags: none), Star Wars: Episode I - The Phantom Menace (1999) (2; tags: none), Star Wars: Episode III - Revenge of the Sith (2005) (3; tags: none), Star Wars: Episode IV - A New Hope (1977) (5; tags: the avengers), Star Wars: Episode V - The Empire Strikes Back (1980) (5; tags: none), Star Wars: Episode VI - Return of the Jedi (1983) (4.5; tags: none), Star Wars: Episode VII - The Force Awakens (2015) (4; tags: none)",action|adventure|aliens|bad science|boring|character development|children|classic|complicated|cult film|death|deep|dialogue|dvd|evil man|famous score|fantasy|father-son relationship|franchise|friendship|funny|good acting|great soundtrack|hand to hand combat|hero|imdb top 250|intelligent|lightning|long|loss of loved one|music|not funny|oscar (best picture)|overrated|party|politics|romance|seen more than once|sequel|shootout|slow|soundtrack|star wars|storytelling|the avengers|violence
121605,label: dissimilar; movies: Star Wars: The Last Jedi (2017) (0.5; tags: none),action|adventure|aliens|bad science|boring|character development|children|classic|complicated|cult film|death|deep|dialogue|dvd|evil man|famous score|fantasy|father-son relationship|franchise|friendship|funny|good acting|great soundtrack|hand to hand combat|hero|imdb top 250|intelligent|lightning|long|loss of loved one|music|not funny|oscar (best picture)|overrated|party|politics|romance|seen more than once|sequel|shootout|slow|soundtrack|star wars|storytelling|the avengers|violence
131484,label: dissimilar; movies: Finding Nemo (2003) (0.5; tags: none),action|adventure|aliens|bad science|boring|character development|children|classic|complicated|cult film|death|deep|dialogue|dvd|evil man|famous score|fantasy|father-son relationship|franchise|friendship|funny|good acting|great soundtrack|hand to hand combat|hero|imdb top 250|intelligent|lightning|long|loss of loved one|music|not funny|oscar (best picture)|overrated|party|politics|romance|seen more than once|sequel|shootout|slow|soundtrack|star wars|storytelling|the avengers|violence
610,"label: dissimilar; movies: Silence of the Lambs, The (1991) (0.5; tags: none)",action|adventure|aliens|bad science|boring|character development|children|classic|complicated|cult film|death|deep|dialogue|dvd|evil man|famous score|fantasy|father-son relationship|franchise|friendship|funny|good acting|great soundtrack|hand to hand combat|hero|imdb top 250|intelligent|lightning|long|loss of loved one|music|not funny|oscar (best picture)|overrated|party|politics|romance|seen more than once|sequel|shootout|slow|soundtrack|star wars|storytelling|the avengers|violence
199634,label: dissimilar; movies: Star Wars: Episode II - Attack of the Clones (2002) (0.5; tags: none),action|adventure|aliens|bad science|boring|character development|children|classic|complicated|cult film|death|deep|dialogue|dvd|evil man|famous score|fantasy|father-son relationship|franchise|friendship|funny|good acting|great soundtrack|hand to hand combat|hero|imdb top 250|intelligent|lightning|long|loss of loved one|music|not funny|oscar (best picture)|overrated|party|politics|romance|seen more than once|sequel|shootout|slow|soundtrack|star wars|storytelling|the avengers|violence
113258,label: dissimilar; movies: Lost in Translation (2003) (0.5; tags: none),action|adventure|aliens|bad science|boring|character development|children|classic|complicated|cult film|death|deep|dialogue|dvd|evil man|famous score|fantasy|father-son relationship|franchise|friendship|funny|good acting|great soundtrack|hand to hand combat|hero|imdb top 250|intelligent|lightning|long|loss of loved one|music|not funny|oscar (best picture)|overrated|party|politics|romance|seen more than once|sequel|shootout|slow|soundtrack|star wars|storytelling|the avengers|violence
37547,label: dissimilar; movies: Scarface (1983) (0.5; tags: none),action|adventure|aliens|bad science|boring|character development|children|classic|complicated|cult film|death|deep|dialogue|dvd|evil man|famous score|fantasy|father-son relationship|franchise|friendship|funny|good acting|great soundtrack|hand to hand combat|hero|imdb top 250|intelligent|lightning|long|loss of loved one|music|not funny|oscar (best picture)|overrated|party|politics|romance|seen more than once|sequel|shootout|slow|soundtrack|star wars|storytelling|the avengers|violence
123079,label: dissimilar; movies: Star Wars: Episode VI - Return of the Jedi (1983) (0.5; tags: none),action|adventure|aliens|bad science|boring|character development|children|classic|complicated|cult film|death|deep|dialogue|dvd|evil man|famous score|fantasy|father-son relationship|franchise|friendship|funny|good acting|great soundtrack|hand to hand combat|hero|imdb top 250|intelligent|lightning|long|loss of loved one|music|not funny|oscar (best picture)|overrated|party|politics|romance|seen more than once|sequel|shootout|slow|soundtrack|star wars|storytelling|the avengers|violence
111975,label: dissimilar; movies: Star Wars: Episode IV - A New Hope (1977) (0.5; tags: none),action|adventure|aliens|bad science|boring|character development|children|classic|complicated|cult film|death|deep|dialogue|dvd|evil man|famous score|fantasy|father-son relationship|franchise|friendship|funny|good acting|great soundtrack|hand to hand combat|hero|imdb top 250|intelligent|lightning|long|loss of loved one|music|not funny|oscar (best picture)|overrated|party|politics|romance|seen more than once|sequel|shootout|slow|soundtrack|star wars|storytelling|the avengers|violence
130233,label: dissimilar; movies: Star Wars: Episode IV - A New Hope (1977) (0.5; tags: none),action|adventure|aliens|bad science|boring|character development|children|classic|complicated|cult film|death|deep|dialogue|dvd|evil man|famous score|fantasy|father-son relationship|franchise|friendship|funny|good acting|great soundtrack|hand to hand combat|hero|imdb top 250|intelligent|lightning|long|loss of loved one|music|not funny|oscar (best picture)|overrated|party|politics|romance|seen more than once|sequel|shootout|slow|soundtrack|star wars|storytelling|the avengers|violence
53655,label: dissimilar; movies: Finding Nemo (2003) (0.5; tags: none),action|adventure|aliens|bad science|boring|character development|children|classic|complicated|cult film|death|deep|dialogue|dvd|evil man|famous score|fantasy|father-son relationship|franchise|friendship|funny|good acting|great soundtrack|hand to hand combat|hero|imdb top 250|intelligent|lightning|long|loss of loved one|music|not funny|oscar (best picture)|overrated|party|politics|romance|seen more than once|sequel|shootout|slow|soundtrack|star wars|storytelling|the avengers|violence
130540,label: dissimilar; movies: Pirates of the Caribbean: The Curse of the Black Pearl (2003) (0.5; tags: none),action|adventure|aliens|bad science|boring|character development|children|classic|complicated|cult film|death|deep|dialogue|dvd|evil man|famous score|fantasy|father-son relationship|franchise|friendship|funny|good acting|great soundtrack|hand to hand combat|hero|imdb top 250|intelligent|lightning|long|loss of loved one|music|not funny|oscar (best picture)|overrated|party|politics|romance|seen more than once|sequel|shootout|slow|soundtrack|star wars|storytelling|the avengers|violence
42865,"label: dissimilar; movies: Princess Bride, The (1987) (0.5; tags: none)",action|adventure|aliens|bad science|boring|character development|children|classic|complicated|cult film|death|deep|dialogue|dvd|evil man|famous score|fantasy|father-son relationship|franchise|friendship|funny|good acting|great soundtrack|hand to hand combat|hero|imdb top 250|intelligent|lightning|long|loss of loved one|music|not funny|oscar (best picture)|overrated|party|politics|romance|seen more than once|sequel|shootout|slow|soundtrack|star wars|storytelling|the avengers|violence
192716,label: dissimilar; movies: Pirates of the Caribbean: The Curse of the Black Pearl (2003) (0.5; tags: none),action|adventure|aliens|bad science|boring|character development|children|classic|complicated|cult film|death|deep|dialogue|dvd|evil man|famous score|fantasy|father-son relationship|franchise|friendship|funny|good acting|great soundtrack|hand to hand combat|hero|imdb top 250|intelligent|lightning|long|loss of loved one|music|not funny|oscar (best picture)|overrated|party|politics|romance|seen more than once|sequel|shootout|slow|soundtrack|star wars|storytelling|the avengers|violence
53698,label: dissimilar; movies: Star Wars: Episode V - The Empire Strikes Back (1980) (0.5; tags: none),action|adventure|aliens|bad science|boring|character development|children|classic|complicated|cult film|death|deep|dialogue|dvd|evil man|famous score|fantasy|father-son relationship|franchise|friendship|funny|good acting|great soundtrack|hand to hand combat|hero|imdb top 250|intelligent|lightning|long|loss of loved one|music|not funny|oscar (best picture)|overrated|party|politics|romance|seen more than once|sequel|shootout|slow|soundtrack|star wars|storytelling|the avengers|violence
175254,"label: dissimilar; movies: Good, the Bad and the Ugly, The (Buono, il brutto, il cattivo, Il) (1966) (1; tags: none)",action|adventure|aliens|bad science|boring|character development|children|classic|complicated|cult film|death|deep|dialogue|dvd|evil man|famous score|fantasy|father-son relationship|franchise|friendship|funny|good acting|great soundtrack|hand to hand combat|hero|imdb top 250|intelligent|lightning|long|loss of loved one|music|not funny|oscar (best picture)|overrated|party|politics|romance|seen more than once|sequel|shootout|slow|soundtrack|star wars|storytelling|the avengers|violence
148592,label: dissimilar; movies: Pirates of the Caribbean: The Curse of the Black Pearl (2003) (0.5; tags: none),action|adventure|aliens|bad science|boring|character development|children|classic|complicated|cult film|death|deep|dialogue|dvd|evil man|famous score|fantasy|father-son relationship|franchise|friendship|funny|good acting|great soundtrack|hand to hand combat|hero|imdb top 250|intelligent|lightning|long|loss of loved one|music|not funny|oscar (best picture)|overrated|party|politics|romance|seen more than once|sequel|shootout|slow|soundtrack|star wars|storytelling|the avengers|violence
164848,label: dissimilar; movies: Star Wars: Episode IV - A New Hope (1977) (0.5; tags: none),action|adventure|aliens|bad science|boring|character development|children|classic|complicated|cult film|death|deep|dialogue|dvd|evil man|famous score|fantasy|father-son relationship|franchise|friendship|funny|good acting|great soundtrack|hand to hand combat|hero|imdb top 250|intelligent|lightning|long|loss of loved one|music|not funny|oscar (best picture)|overrated|party|politics|romance|seen more than once|sequel|shootout|slow|soundtrack|star wars|storytelling|the avengers|violence
23294,label: dissimilar; movies: Mamma Mia! (2008) (0.5; tags: none),action|adventure|aliens|bad science|boring|character development|children|classic|complicated|cult film|death|deep|dialogue|dvd|evil man|famous score|fantasy|father-son relationship|franchise|friendship|funny|good acting|great soundtrack|hand to hand combat|hero|imdb top 250|intelligent|lightning|long|loss of loved one|music|not funny|oscar (best picture)|overrated|party|politics|romance|seen more than once|sequel|shootout|slow|soundtrack|star wars|storytelling|the avengers|violence
130562,label: dissimilar; movies: Star Wars: Episode I - The Phantom Menace (1999) (0.5; tags: none),action|adventure|aliens|bad science|boring|character development|children|classic|complicated|cult film|death|deep|dialogue|dvd|evil man|famous score|fantasy|father-son relationship|franchise|friendship|funny|good acting|great soundtrack|hand to hand combat|hero|imdb top 250|intelligent|lightning|long|loss of loved one|music|not funny|oscar (best picture)|overrated|party|politics|romance|seen more than once|sequel|shootout|slow|soundtrack|star wars|storytelling|the avengers|violence
53224,label: dissimilar; movies: Mamma Mia! (2008) (0.5; tags: none),action|adventure|aliens|bad science|boring|character development|children|classic|complicated|cult film|death|deep|dialogue|dvd|evil man|famous score|fantasy|father-son relationship|franchise|friendship|funny|good acting|great soundtrack|hand to hand combat|hero|imdb top 250|intelligent|lightning|long|loss of loved one|music|not funny|oscar (best picture)|overrated|party|politics|romance|seen more than once|sequel|shootout|slow|soundtrack|star wars|storytelling|the avengers|violence
