method,id,tags_rated,top_five_4_or_5
score(),5,9,2
score(),151,7,2
score(),176,5,2
score(),267,9,3
score(),356,89,3
score(),427,5,2
score(),434,5,2
score(),502,6,3
score(),593,62,1
score(),596,13,2
score(),608,32,5
score(),610,8,1
score(),783,11,1
score(),1007,5,3
score(),1088,16,2
score(),1201,32,1
score(),1241,12,1
score(),1284,14,1
score(),1562,24,2
score(),1688,14,1
score(),1960,21,2
score(),1963,8,2
score(),1966,9,3
score(),1981,5,2
score(),1994,11,4
score(),2004,9,1
score(),2022,15,2
score(),2034,8,1
score(),2080,8,2
score(),2163,7,2
score(),2278,11,2
score(),2420,8,4
score(),2450,16,3
score(),2580,16,2
score(),2696,11,2
score(),2791,15,3
score(),2966,10,2
score(),3066,5,3
score(),3074,5,2
score(),3100,7,2
score(),3152,13,1
score(),3201,11,1
score(),3386,16,1
score(),3420,7,3
score(),3528,7,1
score(),3668,5,4
score(),3745,19,0
score(),3831,5,1
score(),4155,7,2
score(),4167,9,3
score(),4255,7,4
score(),4262,24,1
score(),4329,6,2
score(),4427,12,1
score(),4678,7,5
score(),5014,9,3
score(),5027,6,3
score(),5222,6,3
score(),5388,15,1
score(),5954,14,1
score(),6377,23,2
score(),6440,20,4
score(),6539,35,4
score(),6541,15,1
score(),6650,24,2
score(),6711,25,4
score(),6755,11,3
score(),6867,8,4
score(),6953,20,1
score(),7460,8,1
score(),8607,14,2
score(),8633,5,2
score(),8947,6,2
score(),27721,8,3
score(),30707,34,2
score(),30749,17,2
score(),32017,6,4
score(),40339,9,2
score(),43836,12,2
score(),45442,6,2
score(),47997,23,3
score(),48385,20,2
score(),49932,16,5
score(),53000,14,2
score(),53519,20,2
score(),55805,16,1
score(),60397,5,3
score(),61248,9,1
score(),64620,9,1
score(),65514,9,4
score(),66097,23,4
score(),72733,8,0
score(),72998,51,2
score(),73344,11,1
score(),85412,14,1
score(),89904,12,1
score(),90405,27,4
score(),90430,12,2
score(),111362,32,5
score(),113348,12,1
score(),122896,12,1
score(),122898,19,3
score(),125916,13,2
score(),130634,20,3
score(),135141,18,1
score(),141866,17,4
score(),187717,7,1
score(),194448,22,1
score(),194951,19,3
score(),275245,17,1
popularity,5,9,2
popularity,151,7,2
popularity,176,5,2
popularity,267,9,3
popularity,356,89,2
popularity,427,5,2
popularity,434,5,2
popularity,502,6,3
popularity,593,62,2
popularity,596,13,2
popularity,608,32,4
popularity,610,8,1
popularity,783,11,1
popularity,1007,5,3
popularity,1088,16,2
popularity,1201,32,1
popularity,1241,12,1
popularity,1284,14,1
popularity,1562,24,2
popularity,1688,14,2
popularity,1960,21,1
popularity,1963,8,2
popularity,1966,9,3
popularity,1981,5,2
popularity,1994,11,4
popularity,2004,9,1
popularity,2022,15,1
popularity,2034,8,1
popularity,2080,8,2
popularity,2163,7,2
popularity,2278,11,2
popularity,2420,8,3
popularity,2450,16,3
popularity,2580,16,2
popularity,2696,11,2
popularity,2791,15,3
popularity,2966,10,2
popularity,3066,5,3
popularity,3074,5,2
popularity,3100,7,2
popularity,3152,13,1
popularity,3201,11,0
popularity,3386,16,1
popularity,3420,7,3
popularity,3528,7,1
popularity,3668,5,4
popularity,3745,19,1
popularity,3831,5,1
popularity,4155,7,2
popularity,4167,9,3
popularity,4255,7,4
popularity,4262,24,1
popularity,4329,6,2
popularity,4427,12,1
popularity,4678,7,5
popularity,5014,9,3
popularity,5027,6,3
popularity,5222,6,3
popularity,5388,15,1
popularity,5954,14,1
popularity,6377,23,2
popularity,6440,20,4
popularity,6539,35,4
popularity,6541,15,1
popularity,6650,24,2
popularity,6711,25,2
popularity,6755,11,3
popularity,6867,8,4
popularity,6953,20,1
popularity,7460,8,1
popularity,8607,14,2
popularity,8633,5,2
popularity,8947,6,2
popularity,27721,8,3
popularity,30707,34,2
popularity,30749,17,2
popularity,32017,6,4
popularity,40339,9,2
popularity,43836,12,2
popularity,45442,6,2
popularity,47997,23,4
popularity,48385,20,2
popularity,49932,16,5
popularity,53000,14,3
popularity,53519,20,2
popularity,55805,16,1
popularity,60397,5,3
popularity,61248,9,1
popularity,64620,9,2
popularity,65514,9,4
popularity,66097,23,3
popularity,72733,8,0
popularity,72998,51,2
popularity,73344,11,1
popularity,85412,14,1
popularity,89904,12,0
popularity,90405,27,5
popularity,90430,12,3
popularity,111362,32,5
popularity,113348,12,1
popularity,122896,12,1
popularity,122898,19,3
popularity,125916,13,2
popularity,130634,20,3
popularity,135141,18,1
popularity,141866,17,4
popularity,187717,7,1
popularity,194448,22,1
popularity,194951,19,3
popularity,275245,17,1
your own order,593,8,3
your own order,608,7,3
your own order,1088,4,1
your own order,1201,6,1
your own order,4262,9,0
your own order,6377,6,2
your own order,6539,7,3
your own order,6711,8,2
your own order,60397,2,2
your own order,194448,7,2
