movieId,tag,score
176,cult film,1.0
176,dreams,1.0
176,love,1.0
176,nudity (topless),1.0
176,satire,1.0
427,bad acting,1.0
427,horror,1.0
427,nudity (topless),1.0
427,suspense,1.0
427,thriller,1.0
1007,acting,1.0
1007,dialogue,1.0
1007,disney,2.0
1007,funny,1.0
1007,silly,1.0
1966,cerebral,1.0
1966,christmas,1.0
1966,dialogue driven,1.0
1966,drama,1.0
1966,intelligent,4.0
1966,new york city,1.0
1966,philosophy,1.0
1966,quotable,1.0
1966,witty,1.0
1981,cheesy,3.0
1981,funny,1.0
1981,high school,1.0
1981,new york city,1.0
1981,serial killer,1.0
2034,acting,2.0
2034,bad science,5.0
2034,dialogue,2.0
2034,disney,2.5
2034,robots,6.0
2034,silly,4.0
2034,space,5.0
2034,space travel,5.0
2163,bad acting,1.0
2163,based on a book,1.0
2163,cult film,2.0
2163,funny,1.0
2163,musical,2.0
2163,parody,3.0
2163,sci-fi,1.0
2696,classic,1.0
2696,clever,4.0
2696,comedy,8.0
2696,dialogue driven,1.0
2696,epic,1.0
2696,funny,8.0
2696,good acting,1.0
2696,good dialogue,1.0
2696,hilarious,1.0
2696,paris,3.0
2696,witty,1.0
3066,history,2.0
3066,japan,1.0
3066,military,1.0
3066,war,1.0
3066,world war ii,4.5
3074,atmospheric,8.0
3074,based on a book,2.0
3074,gritty,3.0
3074,revenge,1.0
3074,survival,2.0
3420,al pacino,7.0
3420,comedy,1.0
3420,corruption,1.0
3420,crime,1.0
3420,drama,1.5
3420,satire,1.0
3420,suspense,1.0
3528,based on a book,1.0
3528,gay,1.0
3528,intense,1.0
3528,memory,1.0
3528,mental illness,1.0
3528,new york city,1.0
3528,rape,1.0
3831,british,1.0
3831,british comedy,1.0
3831,comedy,1.0
3831,drugs,3.0
3831,england,2.0
4167,death,1.0
4167,detective,1.0
4167,humorous,1.0
4167,new york city,1.0
4167,nudity (topless),1.5
4167,prison,1.0
4167,revenge,2.0
4167,suspense,1.0
4167,violence,3.0
4329,atmospheric,1.0
4329,humorous,1.0
4329,murder,2.0
4329,quirky,3.0
4329,tense,1.0
4329,western,3.0
4427,anthony hopkins,4.0
4427,christmas,1.0
4427,england,1.0
4427,father-son relationship,1.0
4427,gay,1.0
4427,great acting,1.0
4427,great dialogue,1.0
4427,great performances,1.0
4427,historical,4.0
4427,history,4.0
4427,intelligent,4.0
4427,witty,1.0
5027,action,1.0
5027,comedy,1.0
5027,crime,1.0
5027,investigation,1.0
5027,nudity (topless),1.0
5027,prison,3.0
5222,cute,3.0
5222,gay,1.0
5222,new york city,3.0
5222,predictable,2.0
5222,relationships,4.0
5222,sexuality,8.0
6650,based on a book,3.0
6650,black and white,3.0
6650,black comedy,3.0
6650,british comedy,2.0
6650,cliche,1.0
6650,comedy,1.0
6650,dark comedy,1.0
6650,drama,1.0
6650,england,1.5
6650,family,1.0
6650,friendship,1.0
6650,humorous,3.0
6650,imdb top 250,2.0
6650,murder,3.0
6650,narrated,1.0
6650,plot twist,1.0
6650,prison,2.0
6650,revenge,1.0
6650,satire,2.0
6650,satirical,2.0
6650,serial killer,6.0
6650,storytelling,1.0
6650,suicide,1.0
6650,witty,5.0
187717,based on a true story,5.0
187717,biography,11.0
187717,documentary,12.0
187717,emotional,1.5
187717,heartwarming,12.0
187717,love,2.0
187717,tom hanks,1.0
502,coming of age,1.0
502,high school,2.0
502,martial arts,8.0
502,revenge,2.0
502,romance,1.0
502,teen,1.0
1963,absurd,1.0
1963,black comedy,1.0
1963,dark comedy,1.0
1963,funny,2.0
1963,mockumentary,3.0
1963,narrated,1.0
1963,prison,3.0
1963,satire,2.0
2022,based on a book,1.0
2022,controversial,1.0
2022,epic,1.0
2022,long,2.0
2022,love,1.0
2022,martin scorsese,6.0
2022,memory,1.0
2022,murder,1.0
2022,nudity (topless),1.5
2022,religion,5.0
2022,slow,1.0
2022,soundtrack,1.0
2022,storytelling,1.0
2022,surrealism,2.0
2022,violence,3.0
3152,bittersweet,2.0
3152,black and white,2.0
3152,christmas,1.0
3152,coming of age,9.0
3152,death,1.0
3152,friendship,1.0
3152,gay,1.0
3152,high school,2.0
3152,love,1.0
3152,nudity (topless),2.0
3152,reflective,2.0
3152,sexuality,2.0
3152,twist ending,1.0
3201,classic,1.0
3201,clever,1.0
3201,cult film,1.0
3201,existentialism,1.0
3201,friendship,1.0
3201,intellectual,1.0
3201,jack nicholson,5.0
3201,love,1.0
3201,melancholy,1.0
3201,nudity (topless),1.0
3201,road trip,1.0
3668,beautiful,3.0
3668,drama,1.0
3668,love,1.0
3668,realistic,1.0
3668,romance,4.0
4155,cliche,2.0
4155,drama,4.0
4155,keanu reeves,6.0
4155,love,4.0
4155,quirky,1.0
4155,sad,4.0
4155,twist ending,4.0
4255,absurd,10.0
4255,boring,2.0
4255,funny,3.0
4255,surreal,5.0
4255,surrealism,5.0
4255,weird,4.0
4255,witty,3.0
4678,cult film,2.0
4678,fun,2.0
4678,funny,1.0
4678,parody,2.0
4678,quirky,5.0
4678,satire,3.0
4678,weird,1.0
8607,anime,19.0
8607,black comedy,1.0
8607,car chase,1.0
8607,christmas,3.0
8607,comedy,1.0
8607,dark comedy,1.0
8607,drama,1.0
8607,family,2.0
8607,funny,1.0
8607,japan,3.0
8607,multiple storylines,1.0
8607,overrated,1.0
8607,social commentary,1.0
8607,surrealism,1.0
8633,1980s,4.0
8633,aliens,3.0
8633,bad acting,1.0
8633,cheesy,2.0
8633,space,5.0
32017,action,1.0
32017,disney,1.0
32017,espionage,1.0
32017,family,3.0
32017,predictable,1.0
32017,spy,1.0
45442,boring,1.0
45442,predictable,5.0
45442,remake,2.0
45442,survival,3.0
45442,suspense,1.0
45442,unrealistic,6.0
49932,atmospheric,17.0
49932,boring,6.0
49932,cinematography,10.0
49932,confusing,4.0
49932,dark,8.0
49932,disturbing,18.0
49932,dreamlike,7.0
49932,long,1.0
49932,mindfuck,20.0
49932,murder,2.0
49932,nudity (topless),1.5
49932,slow,2.0
49932,stylized,1.0
49932,surreal,34.0
49932,unique,13.0
49932,weird,17.0
85412,action,1.0
85412,adventure,1.0
85412,atmospheric,8.0
85412,bad acting,1.5
85412,boring,2.0
85412,comedy,1.0
85412,conspiracy,9.0
85412,fantasy,1.0
85412,horror,1.0
85412,mindfuck,1.0
85412,mockumentary,23.0
85412,mythology,25.0
85412,original,3.0
85412,religion,3.0
90430,acting,1.0
90430,dark comedy,6.0
90430,dialogue,6.0
90430,dialogue driven,6.0
90430,drama,1.0
90430,ensemble cast,8.0
90430,good acting,23.0
90430,psychological,3.0
90430,psychology,3.0
90430,satire,18.0
90430,satirical,18.0
90430,social commentary,6.0
113348,action,3.0
113348,comic book,4.0
113348,conspiracy,1.0
113348,fun,1.0
113348,martial arts,4.0
113348,new york city,1.0
113348,plot holes,1.0
113348,remake,1.0
113348,silly,1.0
113348,superhero,3.0
113348,surprise ending,1.0
113348,violence,1.0
135141,action,1.0
135141,bad science,1.0
135141,based on a book,1.0
135141,conspiracy,1.0
135141,corruption,1.0
135141,dystopia,12.0
135141,futuristic,1.0
135141,martial arts,1.0
135141,memory,1.0
135141,plot holes,3.0
135141,plot twist,3.0
135141,predictable,3.0
135141,revenge,1.0
135141,sequel,6.0
135141,social commentary,1.0
135141,surrealism,1.0
135141,technology,1.0
135141,violence,1.0
141866,action,3.0
141866,atmospheric,1.0
141866,cheesy,1.0
141866,cinematography,2.0
141866,confusing,1.0
141866,drugs,3.0
141866,gore,5.0
141866,murder,1.0
141866,music,2.0
141866,revenge,4.0
141866,stylish,1.0
141866,stylized,1.0
141866,survival,23.0
141866,suspense,7.0
141866,thriller,9.0
141866,violence,1.0
141866,war,2.0
275245,aliens,13.0
275245,black comedy,15.0
275245,confusing,1.0
275245,creepy,1.0
275245,dark comedy,2.0
275245,dark humor,2.0
275245,horror,1.0
275245,long,1.0
275245,mystery,1.0
275245,psychological thriller,6.0
275245,satire,1.0
275245,sci-fi,16.0
275245,surrealism,1.0
275245,suspenseful,30.0
275245,thriller,4.0
275245,unique,15.0
275245,western,1.0
267,classic,2.0
267,comedy,5.0
267,cult film,1.0
267,funny,2.0
267,hilarious,3.0
267,martial arts,1.0
267,military,3.0
267,remake,1.0
267,violence,1.0
1241,absurd,8.0
1241,black comedy,12.0
1241,cult classic,22.0
1241,cult film,22.0
1241,dark comedy,1.0
1241,disturbing,1.0
1241,funny,7.0
1241,gore,18.0
1241,hilarious,5.0
1241,horror,5.0
1241,murder,1.0
1241,zombies,13.0
2450,1980s,2.0
2450,action,3.0
2450,aliens,1.0
2450,alternate reality,2.0
2450,apocalypse,1.0
2450,cheesy,1.0
2450,comic book,1.0
2450,cult classic,5.0
2450,cult film,5.0
2450,fun,1.0
2450,funny,2.0
2450,martial arts,1.0
2450,marvel,2.0
2450,sci-fi,3.0
2450,silly,1.0
2450,superhero,1.0
2966,acting,1.0
2966,based on a true story,4.0
2966,biography,1.0
2966,boring,4.0
2966,disney,1.0
2966,family,6.0
2966,imdb top 250,1.0
2966,inspirational,6.0
2966,road trip,20.0
2966,slow,7.0
3100,beautifully filmed,1.0
3100,brad pitt,7.0
3100,cinematography,7.0
3100,classic,1.0
3100,coming of age,1.0
3100,father-son relationship,1.0
3100,religion,1.0
6755,comedy,5.0
6755,cult classic,2.0
6755,cult film,2.0
6755,death,1.0
6755,funny,1.0
6755,great soundtrack,1.0
6755,hilarious,4.0
6755,horror,1.0
6755,martial arts,1.0
6755,mental illness,5.0
6755,quirky,9.0
7460,atmospheric,9.0
7460,bill murray,12.0
7460,black and white,18.0
7460,boring,1.0
7460,dialogue,8.0
7460,dialogue driven,8.0
7460,good dialogue,1.0
7460,surreal,7.0
8947,atmospheric,1.0
8947,horror,7.0
8947,japan,10.0
8947,nonlinear,2.0
8947,remake,9.0
8947,suicide,1.0
27721,based on a book,1.0
27721,boring,1.0
27721,confusing,2.0
27721,depressing,1.0
27721,paris,1.0
27721,romance,4.0
27721,slow paced,1.0
27721,war,1.0
40339,aliens,2.0
40339,animation,2.0
40339,coming of age,2.0
40339,cute,1.0
40339,disney,5.0
40339,father-son relationship,3.0
40339,funny,2.0
40339,pixar,2.0
40339,silly,2.0
43836,comedy,4.0
43836,crime,2.0
43836,cult film,1.0
43836,death,1.0
43836,heist,1.0
43836,investigation,4.0
43836,murder,1.0
43836,mystery,1.0
43836,new york city,1.0
43836,parody,1.0
43836,remake,3.0
43836,spy,1.0
55805,acting,5.0
55805,crime,1.0
55805,death,1.0
55805,drama,1.0
55805,drugs,3.0
55805,investigation,1.0
55805,murder,1.0
55805,neo-noir,1.0
55805,new york city,2.0
55805,nonlinear,8.0
55805,nudity (topless),5.5
55805,sad,1.0
55805,social commentary,2.0
55805,tense,4.0
55805,thriller,1.0
55805,violence,1.0
61248,action,1.5
61248,car chase,1.0
61248,cheesy,1.0
61248,dystopia,1.0
61248,gore,1.0
61248,predictable,1.0
61248,prison,1.0
61248,remake,2.0
61248,violence,2.0
72733,based on a true story,2.0
72733,biography,1.0
72733,clint eastwood,7.0
72733,drama,1.0
72733,matt damon,7.0
72733,morgan freeman,10.0
72733,politics,1.0
72733,racism,4.0
73344,acting,1.0
73344,cinematography,10.0
73344,corruption,1.0
73344,drugs,1.0
73344,great acting,3.5
73344,gritty,5.0
73344,long,4.0
73344,mafia,11.0
73344,overrated,2.0
73344,prison,5.0
73344,psychology,3.0
122896,action,1.0
122896,adventure,4.0
122896,dark,1.0
122896,disney,1.0
122896,fantasy,2.0
122896,funny,3.0
122896,johnny depp,7.0
122896,plot holes,2.0
122896,sequel,10.0
122896,special effects,4.0
122896,violence,1.0
122896,violent,1.0
122898,apocalypse,1.0
122898,assassin,1.0
122898,batman,11.0
122898,comic book,1.0
122898,dark hero,1.0
122898,death,1.0
122898,dialogue,1.0
122898,ensemble cast,3.0
122898,humor,1.0
122898,investigation,1.0
122898,martial arts,1.0
122898,marvel,1.0
122898,murder,1.0
122898,prison,1.0
122898,sequel,1.0
122898,superhero,9.0
122898,surrealism,1.0
122898,technology,1.0
122898,violence,1.0
125916,bad acting,1.0
125916,based on a book,15.0
125916,boring,3.0
125916,chick flick,2.0
125916,drama,1.0
125916,fantasy,1.0
125916,love,6.0
125916,nudity (topless),4.5
125916,plot holes,7.0
125916,psychological,1.0
125916,sexuality,4.0
125916,soundtrack,2.0
125916,stupid,9.0
130634,action,8.0
130634,car chase,3.0
130634,crime,2.0
130634,drama,2.0
130634,emotional,1.0
130634,ensemble cast,2.0
130634,family,2.0
130634,great soundtrack,2.0
130634,happy ending,8.0
130634,heist,1.0
130634,humorous,1.0
130634,long,1.0
130634,plot holes,1.0
130634,revenge,7.0
130634,silly,1.0
130634,stupid,1.0
130634,suspense,2.0
130634,technology,1.0
130634,thriller,1.0
130634,unrealistic,3.0
194951,apocalypse,9.0
194951,atmospheric,3.5
194951,based on a book,2.0
194951,boring,3.0
194951,creepy,6.0
194951,drama,5.0
194951,dystopia,14.0
194951,future,1.0
194951,horror,16.0
194951,nonlinear,1.0
194951,overrated,7.0
194951,plot holes,7.0
194951,post-apocalyptic,52.0
194951,predictable,2.0
194951,slow paced,6.0
194951,suicide,15.0
194951,survival,42.0
194951,suspense,8.0
194951,thriller,18.0
5,comedy,1.0
5,family,5.0
5,fantasy,1.0
5,heartwarming,1.0
5,humorous,1.0
5,remake,1.0
5,sentimental,1.0
5,sequel,2.0
5,touching,1.0
151,adventure,1.0
151,atmospheric,1.0
151,biography,3.0
151,history,1.0
151,rape,2.0
151,tense,1.0
151,western,1.0
610,drugs,1.0
610,fantasy,1.0
610,gore,1.0
610,inspirational,1.0
610,nudity (full frontal),3.0
610,nudity (topless),3.0
610,sci-fi,10.0
610,surreal,7.0
783,animation,3.0
783,based on a book,1.0
783,dark,1.0
783,disney,19.0
783,emotional,1.0
783,heartwarming,1.0
783,musical,4.0
783,paris,6.5
783,religion,2.0
783,sentimental,6.0
783,soundtrack,2.0
1284,atmospheric,1.0
1284,based on a book,2.0
1284,black and white,2.0
1284,classic,4.0
1284,crime,1.0
1284,detective,1.0
1284,dialogue,1.0
1284,film noir,6.0
1284,imdb top 250,5.0
1284,murder,1.0
1284,mystery,2.0
1284,neo-noir,1.0
1284,suspense,1.0
1284,thriller,1.0
1688,adventure,1.0
1688,animation,2.0
1688,classic,2.0
1688,cute,1.0
1688,funny,2.0
1688,great soundtrack,1.0
1688,love,1.0
1688,magic,2.0
1688,music,5.0
1688,musical,5.0
1688,romantic,5.0
1688,soundtrack,2.0
1688,strong female lead,4.0
1688,witty,2.0
1960,acting,1.0
1960,based on a true story,2.0
1960,biography,6.0
1960,boring,1.0
1960,cinematography,10.0
1960,epic,6.0
1960,historical,2.0
1960,history,2.0
1960,japan,1.0
1960,long,4.0
1960,murder,1.0
1960,music,1.0
1960,oscar (best picture),10.0
1960,prison,1.0
1960,slow,1.0
1960,suicide,1.0
1960,too long,1.0
1960,true story,2.0
1960,visually stunning,1.0
1960,war,2.0
1960,world war ii,1.0
2004,christmas,1.0
2004,cult film,1.0
2004,new york city,1.0
2004,satire,1.0
2004,satirical,1.0
2004,sequel,3.0
2004,social commentary,1.0
2004,steven spielberg,2.0
2004,surprise ending,1.0
2580,black comedy,22.0
2580,car chase,1.5
2580,christmas,1.5
2580,comedy,10.0
2580,crime,1.0
2580,cult film,1.0
2580,dark comedy,2.0
2580,drugs,21.0
2580,ensemble cast,1.0
2580,funny,1.0
2580,humorous,3.0
2580,multiple storylines,1.0
2580,nonlinear,4.0
2580,nudity (topless),6.0
2580,revenge,2.0
2580,storytelling,2.0
3386,boring,2.0
3386,conspiracy,4.0
3386,controversial,4.0
3386,death,1.0
3386,dialogue,1.0
3386,drama,1.0
3386,ensemble cast,1.0
3386,great acting,1.0
3386,historical,6.0
3386,history,6.0
3386,investigation,2.0
3386,long,1.0
3386,overrated,1.0
3386,politics,7.5
3386,thriller,1.0
3386,true story,1.0
3745,aliens,1.0
3745,animation,9.0
3745,apocalypse,1.0
3745,cliche,1.0
3745,cult film,1.0
3745,dystopia,1.0
3745,father-son relationship,1.0
3745,future,2.0
3745,futuristic,2.0
3745,love,1.0
3745,matt damon,1.0
3745,murder,1.0
3745,plot holes,1.0
3745,post-apocalyptic,1.0
3745,prison,1.0
3745,sci-fi,8.0
3745,space,12.0
3745,space travel,12.0
3745,violence,1.0
5014,acting,1.0
5014,bittersweet,1.0
5014,feel-good,6.0
5014,mental illness,9.0
5014,psychology,10.0
5014,soundtrack,1.0
5014,thought-provoking,5.0
5014,touching,5.0
5014,unrealistic,3.0
5954,crime,5.0
5954,dark,1.0
5954,depressing,10.0
5954,drugs,10.0
5954,edward norton,18.5
5954,friendship,1.0
5954,homosexuality,1.0
5954,japan,1.0
5954,melancholy,1.0
5954,new york city,3.0
5954,powerful ending,22.0
5954,prison,1.0
5954,psychology,12.0
5954,surrealism,1.0
6440,apocalypse,1.0
6440,black comedy,1.0
6440,cinematography,1.0
6440,coen brothers,1.0
6440,cult film,1.0
6440,dark comedy,1.0
6440,disturbing,14.0
6440,hallucinatory,9.5
6440,murder,1.0
6440,neo-noir,1.0
6440,new york city,1.0
6440,quirky,20.0
6440,satire,1.0
6440,serial killer,1.0
6440,stylized,10.0
6440,surprise ending,1.0
6440,surreal,10.0
6440,surrealism,10.0
6440,twist,5.0
6440,weird,5.0
6867,cute,3.0
6867,friendship,17.0
6867,loneliness,30.0
6867,melancholy,9.0
6867,quirky,22.0
6867,satirical,7.0
6867,slow paced,2.0
6867,touching,1.0
47997,black comedy,1.0
47997,car chase,1.0
47997,cult film,1.0
47997,dark comedy,42.0
47997,dystopia,49.0
47997,friendship,1.0
47997,funny,3.0
47997,future,29.0
47997,futuristic,29.0
47997,genius,4.0
47997,military,1.0
47997,narrated,2.0
47997,overrated,1.0
47997,politics,1.0
47997,prison,1.0
47997,satire,48.0
47997,satirical,48.0
47997,social commentary,1.0
47997,space,1.0
47997,stupid,2.0
47997,surprise ending,1.0
47997,thought-provoking,14.5
47997,time travel,6.0
53519,black comedy,1.0
53519,car chase,10.333333333333334
53519,dark comedy,1.0
53519,dialogue,13.0
53519,feminism,6.5
53519,friendship,1.0
53519,gore,2.0
53519,great dialogue,21.0
53519,great soundtrack,21.0
53519,murder,1.0
53519,overrated,2.5
53519,quentin tarantino,45.0
53519,revenge,6.0
53519,slow,7.0
53519,slow paced,7.0
53519,stylish,10.0
53519,stylized,10.0
53519,too long,10.0
53519,violence,2.0
53519,violent,2.0
64620,based on a true story,5.0
64620,boring,3.0
64620,good acting,5.0
64620,historical,20.0
64620,history,20.0
64620,intelligent,1.0
64620,politics,12.5
64620,suspense,4.0
64620,true story,8.0
65514,action,19.0
65514,biography,12.0
65514,cliche,1.0
65514,drama,3.0
65514,family,1.0
65514,inspirational,3.0
65514,martial arts,39.0
65514,predictable,1.0
65514,racism,1.0
89904,black and white,12.0
89904,boring,6.0
89904,cinematography,5.0
89904,drama,3.0
89904,emotional,1.0
89904,original,20.0
89904,oscar (best picture),1.0
89904,overrated,1.0
89904,romance,10.0
89904,sentimental,1.0
89904,silly,1.0
89904,visually appealing,20.0
356,1980s,2.0
356,acting,1.5
356,action,1.5
356,adventure,17.0
356,bad acting,1.0
356,based on a book,3.0
356,beautiful,2.0
356,biography,13.0
356,bittersweet,1.0
356,boring,15.0
356,cheesy,1.0
356,chick flick,1.0
356,classic,60.5
356,comedy,56.0
356,coming of age,1.0
356,cult classic,2.0
356,cult film,2.0
356,cute,1.0
356,dark comedy,1.0
356,drama,47.0
356,emotional,83.0
356,epic,23.0
356,excellent script,1.0
356,family,7.0
356,fantasy,1.0
356,feel good movie,1.0
356,feel-good,1.0
356,friendship,6.0
356,fun,3.0
356,funny,26.5
356,good acting,1.0
356,good dialogue,1.0
356,great acting,1.0
356,great performances,1.0
356,great soundtrack,1.0
356,happy ending,1.0
356,heartwarming,77.0
356,historical,65.0
356,history,65.0
356,humor,3.0
356,humorous,3.0
356,imdb top 250,4.0
356,inspirational,28.5
356,intense,1.0
356,interesting,1.0
356,long,6.0
356,love,15.0
356,love story,15.0
356,masterpiece,4.0
356,mental illness,1.0
356,military,7.0
356,multiple storylines,1.0
356,narrated,13.0
356,new york city,1.5
356,original,1.0
356,oscar (best picture),1.0
356,overrated,6.0
356,philosophical,1.0
356,political,1.0
356,psychological,69.0
356,psychology,69.0
356,quirky,52.0
356,quotable,13.0
356,racism,1.0
356,realistic,1.0
356,reflective,2.0
356,romance,51.0
356,sad,8.0
356,satire,1.0
356,sentimental,24.0
356,sexuality,13.0
356,silly,3.0
356,slow,1.0
356,smart,1.0
356,social commentary,2.0
356,soundtrack,3.0
356,special effects,1.0
356,steven spielberg,1.0
356,storytelling,1.0
356,stupid,1.0
356,surprise ending,1.0
356,thought-provoking,1.0
356,tom hanks,123.5
356,too long,2.0
356,touching,93.0
356,unpredictable,1.0
356,war,26.0
356,whimsical,13.0
356,witty,2.0
434,action,1.0
434,clint eastwood,2.0
434,heist,3.0
434,organized crime,1.0
434,thriller,2.0
596,animation,1.0
596,classic,3.5
596,cute,5.0
596,disney,20.0
596,disturbing,1.0
596,fairy tale,1.0
596,fantasy,5.0
596,fun,2.0
596,magic,1.0
596,music,3.0
596,musical,3.0
596,pixar,3.0
596,weird,1.0
1562,action,4.5
1562,artificial intelligence,1.0
1562,atmospheric,2.0
1562,bad acting,1.0
1562,bad science,1.0
1562,batman,21.0
1562,black comedy,1.0
1562,car chase,1.0
1562,cheesy,13.0
1562,comic book,10.0
1562,death,1.0
1562,funny,12.0
1562,george clooney,19.0
1562,heist,1.0
1562,martial arts,1.0
1562,murder,1.0
1562,quotable,1.0
1562,revenge,1.0
1562,sequel,1.0
1562,silly,16.0
1562,soundtrack,2.0
1562,superhero,15.0
1562,surprise ending,1.0
1562,violence,1.0
1994,1980s,1.0
1994,classic,1.0
1994,creepy,3.0
1994,family,3.0
1994,fun,1.0
1994,horror,2.5
1994,love,1.0
1994,steven spielberg,1.0
1994,supernatural,2.0
1994,suspense,8.0
1994,thriller,2.0
2080,animation,2.0
2080,christmas,1.0
2080,classic,2.0
2080,disney,12.5
2080,drama,1.0
2080,family,1.0
2080,romance,6.0
2080,romantic,6.0
2278,action,2.0
2278,boring,1.0
2278,car chase,21.0
2278,crime,13.0
2278,intelligent,14.0
2278,mafia,2.0
2278,organized crime,5.0
2278,paris,1.0
2278,robert de niro,14.0
2278,thriller,2.0
2278,violence,1.0
2420,1980s,1.0
2420,classic,15.0
2420,comedy,2.0
2420,coming of age,4.0
2420,feel-good,2.5
2420,inspirational,7.0
2420,martial arts,25.0
2420,violence,1.0
2791,absurd,56.0
2791,classic,33.0
2791,clever,1.0
2791,comedy,37.0
2791,dark comedy,5.0
2791,fun,1.0
2791,funny,29.0
2791,genius,1.0
2791,hilarious,15.0
2791,original,1.0
2791,parody,22.5
2791,quotable,13.0
2791,romance,2.0
2791,silly,17.0
2791,war,2.0
5388,al pacino,32.0
5388,atmospheric,19.0
5388,christopher nolan,25.0
5388,corruption,12.0
5388,dark,3.0
5388,detective,18.0
5388,love,1.0
5388,murder,11.0
5388,neo-noir,1.0
5388,psychological,14.0
5388,psychology,14.0
5388,remake,6.0
5388,robin williams,28.0
5388,soundtrack,1.0
5388,thought-provoking,17.0
6541,alternate reality,1.0
6541,comic book,10.0
6541,cult film,1.0
6541,england,1.0
6541,gothic,13.0
6541,martial arts,1.0
6541,murder,1.0
6541,nazis,1.0
6541,suicide,1.0
6541,superhero,6.0
6541,supernatural,6.0
6541,surprise ending,1.0
6541,too long,1.0
6541,vampires,2.0
6541,violence,1.0
6953,boring,1.0
6953,crime,1.0
6953,death,7.5
6953,depressing,2.0
6953,drama,5.0
6953,intense,1.0
6953,melancholy,5.0
6953,multiple storylines,21.0
6953,murder,2.0
6953,nonlinear,15.5
6953,nudity (topless),1.5
6953,psychological,31.0
6953,realistic,6.0
6953,religion,12.0
6953,remake,2.0
6953,revenge,2.0
6953,slow,1.0
6953,storytelling,1.0
6953,thriller,1.0
6953,violent,1.0
30707,bittersweet,16.0
30707,cheesy,1.0
30707,clint eastwood,2.0
30707,dark,21.0
30707,dark hero,21.0
30707,death,1.0
30707,depressing,11.0
30707,drama,37.0
30707,emotional,19.0
30707,england,1.0
30707,friendship,2.0
30707,good acting,2.0
30707,great acting,4.0
30707,gritty,17.0
30707,imdb top 250,6.0
30707,inspirational,12.0
30707,intense,2.0
30707,morgan freeman,50.0
30707,murder,1.0
30707,mythology,1.0
30707,narrated,15.0
30707,oscar (best picture),1.0
30707,overrated,3.0
30707,philosophical,1.0
30707,predictable,1.0
30707,road trip,1.0
30707,sad,2.0
30707,slow,1.0
30707,slow paced,1.0
30707,social commentary,23.0
30707,strong female lead,3.0
30707,suicide,9.0
30707,thought-provoking,35.0
30707,violence,12.0
30749,based on a true story,21.0
30749,biography,1.0
30749,classic,3.0
30749,death,1.0
30749,depressing,16.0
30749,drama,13.0
30749,family,1.0
30749,history,29.0
30749,imdb top 250,5.0
30749,murder,1.0
30749,racism,15.0
30749,sad,1.0
30749,survival,22.0
30749,thriller,4.0
30749,true story,24.0
30749,violence,3.0
30749,war,20.0
48385,absurd,4.0
48385,boring,3.0
48385,classic,1.0
48385,comedy,29.0
48385,controversial,55.0
48385,crude humor,56.0
48385,feminism,2.0
48385,funny,38.0
48385,hilarious,8.0
48385,love,1.0
48385,mockumentary,63.0
48385,new york city,3.0
48385,nudity (full frontal),15.0
48385,overrated,4.0
48385,quotable,6.0
48385,racism,15.0
48385,road trip,31.0
48385,satire,79.0
48385,social commentary,50.0
48385,weird,1.0
53000,action,2.0
53000,death,1.0
53000,england,1.0
53000,gore,1.0
53000,military,4.0
53000,music,1.0
53000,plot holes,1.0
53000,post-apocalyptic,1.0
53000,sequel,6.0
53000,supernatural,1.0
53000,surprise ending,1.0
53000,survival,6.5
53000,violence,1.0
53000,zombies,5.0
66097,alternate reality,45.0
66097,animation,2.0
66097,atmospheric,4.0
66097,based on a book,26.0
66097,boring,2.0
66097,creepy,44.0
66097,dark,52.0
66097,depressing,1.0
66097,dystopia,19.0
66097,fairy tale,13.0
66097,fantasy,6.5
66097,fantasy world,6.5
66097,gothic,15.5
66097,overrated,1.0
66097,slow,3.0
66097,storytelling,1.0
66097,surreal,42.5
66097,thought-provoking,1.0
66097,tim burton,21.0
66097,unique,1.0
66097,visually appealing,42.0
66097,visually stunning,42.0
66097,whimsical,2.0
72998,action,10.0
72998,adventure,1.0
72998,aliens,1.0
72998,animation,1.0
72998,bad science,2.0
72998,beautiful,37.0
72998,beautiful scenery,37.0
72998,boring,1.0
72998,cinematography,8.0
72998,cliche,12.0
72998,dialogue,1.0
72998,drama,12.0
72998,epic,13.0
72998,fantasy,26.0
72998,funny,2.0
72998,future,2.0
72998,futuristic,2.0
72998,great soundtrack,2.0
72998,happy ending,1.0
72998,heartwarming,1.0
72998,imdb top 250,15.0
72998,intense,1.0
72998,long,17.0
72998,love story,1.0
72998,military,49.0
72998,music,29.0
72998,mythology,18.0
72998,overrated,2.0
72998,philosophical,1.0
72998,politics,27.0
72998,predictable,81.0
72998,racism,33.0
72998,robots,1.0
72998,romance,39.0
72998,sci-fi,150.0
72998,science,1.0
72998,science fiction,1.0
72998,social commentary,1.0
72998,space,9.0
72998,space travel,9.0
72998,special effects,21.0
72998,surreal,1.0
72998,technology,8.0
72998,thought-provoking,64.0
72998,too long,42.0
72998,unrealistic,1.0
72998,violent,8.0
72998,virtual reality,1.0
72998,visually appealing,47.0
72998,visually stunning,47.0
72998,war,29.0
90405,anti-hero,1.0
90405,boring,1.0
90405,car chase,1.5
90405,cheesy,21.0
90405,corruption,16.0
90405,crime,6.0
90405,cyberpunk,1.0
90405,death,1.0
90405,detective,1.0
90405,dystopia,67.0
90405,existentialism,1.0
90405,future,41.0
90405,love,1.0
90405,murder,1.0
90405,original,20.0
90405,plot holes,24.0
90405,predictable,2.0
90405,reflective,3.0
90405,revenge,1.0
90405,sci-fi,65.0
90405,social commentary,1.0
90405,suicide,2.0
90405,surprise ending,1.0
90405,suspense,14.0
90405,thought-provoking,53.0
90405,thriller,4.0
90405,violence,1.0
111362,action,14.0
111362,artificial intelligence,1.0
111362,comedy,1.0
111362,comic book,4.0
111362,cyberpunk,1.0
111362,death,1.0
111362,dialogue,1.0
111362,disney,1.0
111362,dystopia,1.0
111362,ensemble cast,1.0
111362,funny,1.0
111362,martial arts,1.0
111362,marvel,29.0
111362,military,2.0
111362,murder,1.0
111362,new york city,1.0
111362,nonlinear,1.0
111362,paris,1.0
111362,prison,1.0
111362,revenge,1.0
111362,sci-fi,10.0
111362,science fiction,1.0
111362,sequel,2.0
111362,social commentary,1.0
111362,special effects,1.0
111362,superhero,20.5
111362,surprise ending,1.0
111362,surrealism,1.0
111362,survival,1.0
111362,suspense,1.0
111362,time travel,14.0
111362,violence,1.0
1201,atmospheric,49.0
1201,cinematography,9.0
1201,quirky,22.0
60397,musical,18.0
4262,violence,9.0
4262,action,5.0
4262,al pacino,80.0
4262,dialogue,1.0
4262,organized crime,69.0
6711,atmospheric,66.5
6711,bill murray,52.0
6711,scarlett johansson,45.0
593,anthony hopkins,1.0
593,atmospheric,22.0
593,classic,68.0
593,clever,24.0
593,creepy,34.0
593,crime,89.0
593,dark,55.0
593,disturbing,103.0
593,excellent script,97.0
593,great acting,1.0
593,horror,35.5
593,mental illness,70.0
593,psychological,1.0
593,psychological thriller,1.0
593,serial killer,102.0
593,strong female lead,49.0
593,suspense,67.0
593,tense,45.0
593,thriller,39.0
608,black comedy,101.0
608,crime,21.5
608,dark comedy,58.0
608,dark humor,58.0
1201,epic,34.0
1201,humorous,22.0
1201,music,37.0
1201,soundtrack,27.0
6711,boring,30.0
4262,crime,29.0
593,violent,18.0
6377,pixar,52.5
6377,predictable,1.0
593,drama,23.0
593,investigation,48.0
593,psychology,1.0
4262,drama,4.0
4262,drugs,46.0
6377,animation,10.0
6377,comedy,16.0
6377,disney,22.5
6377,father-son relationship,1.0
6377,funny,50.0
4262,remake,14.0
194448,racism,51.0
608,atmospheric,31.0
608,based on a true story,24.0
608,funny,34.0
608,imdb top 250,17.0
608,murder,34.0
608,witty,30.5
194448,friendship,66.0
194448,great acting,77.0
194448,history,11.5
194448,homosexuality,6.0
1088,coming of age,13.0
6377,touching,1.0
6539,fantasy,53.0
6539,johnny depp,75.0
6711,bittersweet,85.0
6711,japan,40.5
6711,loneliness,62.0
6711,relationships,39.0
593,overrated,6.0
6377,heartwarming,49.0
6539,adventure,133.0
6539,anti-hero,24.0
6539,cliche,7.0
6539,funny,69.0
6539,soundtrack,20.0
6711,slow paced,19.0
593,oscar (best picture),2.0
1088,romance,12.0
593,imdb top 250,18.0
1088,cheesy,10.0
1201,long,13.0
4262,atmospheric,31.0
4262,classic,21.0
4262,corruption,30.0
4262,cult classic,6.0
4262,mafia,53.0
593,cult film,16.0
593,good acting,1.0
593,mystery,27.0
593,violence,18.0
608,classic,7.5
608,coen brothers,3.0
593,gothic,24.0
6711,music,20.0
6539,revenge,22.0
6539,romance,23.0
6539,suspense,20.0
6539,disney,36.0
6539,magic,35.0
6377,family,19.0
608,quirky,45.0
6711,intelligent,22.5
4262,long,14.0
1088,music,14.0
593,based on a book,1.0
4262,imdb top 250,20.0
6539,action,20.5
6539,comedy,73.0
6711,friendship,23.0
1201,classic,34.0
1201,western,50.0
6377,overrated,2.0
1201,clint eastwood,70.0
4262,violent,9.0
194448,based on a true story,1.0
194448,feel good movie,16.0
194448,feel-good,16.0
194448,heartwarming,1.0
194448,road trip,22.0
194448,touching,35.0
608,slow paced,12.0
608,overrated,4.0
6711,reflective,56.0
6711,dialogue,1.0
194448,social commentary,48.0
4262,revenge,1.0
194448,realistic,1.0
6711,visually appealing,45.0
593,acting,5.5
593,intense,21.0
1088,great soundtrack,1.0
1088,predictable,1.0
6539,too long,3.0
593,detective,9.0
593,suspenseful,67.0
4262,music,1.0
6377,boring,4.0
6377,coming of age,4.5
6377,friendship,1.0
60397,cinematography,1.0
60397,funny,1.0
593,great performances,1.0
608,suspenseful,3.0
6539,great soundtrack,1.0
194448,new york city,1.0
1201,drama,2.0
4262,masterpiece,1.0
4262,overrated,11.0
1088,overrated,2.0
593,murder,15.0
1201,anti-hero,1.25
608,violent,21.0
1201,satirical,17.0
593,adventure,1.0
608,beautiful scenery,1.0
6539,quirky,12.0
194448,music,4.0
1201,historical,7.0
6711,romance,2.0
6539,war,3.0
593,boring,2.0
6711,slow,19.0
6711,stylized,15.0
593,insanity,1.0
1201,imdb top 250,9.0
608,interesting,1.0
1088,classic,7.0
194448,drama,7.0
593,slow,2.0
6377,film noir,3.0
6539,pixar,3.0
608,thriller,6.0
1088,soundtrack,6.0
608,boring,9.0
6539,boring,4.0
1201,dark,1.0
6711,sad,1.0
593,gore,3.0
6539,fun,2.5
6539,humorous,2.0
6539,witty,1.0
608,1980s,5.0
608,violence,21.0
608,absurd,1.0
1201,dialogue,3.0
6377,cute,1.0
6539,acting,20.5
1201,thought-provoking,2.0
6539,imdb top 250,4.0
6377,classic,3.0
593,romance,1.0
6539,silly,7.0
6711,overrated,3.0
1088,1980s,3.0
1088,family,1.0
1088,high school,1.0
6377,feel good movie,2.0
1088,cute,3.0
6711,funny,2.0
6539,hilarious,1.0
6539,zombies,5.0
608,sexuality,2.0
60397,romance,6.0
1088,cult film,1.0
60397,overrated,1.0
608,quotable,1.0
593,original plot,1.0
6711,great soundtrack,1.0
593,quotable,1.5
6539,quotable,1.0
6539,predictable,3.0
1201,parody,2.0
6539,thriller,7.0
194448,comedy,8.0
593,twists & turns,1.0
593,death,1.0
593,friendship,1.0
593,gay,1.0
593,homosexuality,1.0
593,prison,2.0
593,revenge,1.0
593,sequel,1.0
593,suicide,1.0
593,surprise ending,1.0
608,car chase,1.0
608,cult classic,1.0
608,cult film,1.0
608,gore,1.0
608,loneliness,1.0
1201,assassin,1.0
1201,cult classic,1.0
1201,cult film,1.0
1201,death,1.0
1201,friendship,1.0
1201,murder,1.0
1201,revenge,1.0
1201,sequel,1.0
1201,surprise ending,1.0
1201,suspense,1.0
1201,violence,1.0
6539,overrated,2.0
593,funny,1.0
593,dialogue,1.0
608,cinematography,4.0
6377,soundtrack,1.0
4262,soundtrack,1.0
593,soundtrack,1.0
593,sad,1.0
194448,beautifully filmed,1.0
593,good dialogue,1.0
6377,slow paced,1.0
593,slow paced,2.0
6711,sexuality,2.0
6377,visually appealing,1.0
6539,dark,1.0
1201,slow,1.0
1088,teen,1.0
6711,philosophical,1.0
6377,surprise ending,1.0
194448,slow,3.0
1088,chick flick,3.0
194448,based on a book,1.0
4262,slow paced,1.0
6711,good acting,1.0
6539,special effects,1.0
194448,christmas,1.0
6377,imdb top 250,2.0
6539,beautiful,1.0
194448,true story,1.0
4262,1980s,1.0
